Date,In degrees Fahrenheit
1/1/12,38.41
1/2/12,24.8
1/3/12,18.7
1/4/12,30.99
1/5/12,35.8
1/6/12,46.8
1/7/12,40.8
1/8/12,33.69
1/9/12,35.01
1/10/12,40.21
1/11/12,41.79
1/12/12,36.19
1/13/12,20.5
1/14/12,18.1
1/15/12,14.79
1/16/12,28.9
1/17/12,41.9
1/18/12,19.6
1/19/12,20.3
1/20/12,6.296
1/21/12,22.21
1/22/12,18.1
1/23/12,40.89
1/24/12,30.2
1/25/12,27.61
1/26/12,32.4
1/27/12,35.29
1/28/12,34.9
1/29/12,30.09
1/30/12,23.79
1/31/12,45.7
2/1/12,42.6
2/2/12,36.61
2/3/12,35.49
2/4/12,36.81
2/5/12,32.2
2/6/12,32.5
2/7/12,31.5
2/8/12,30.7
2/9/12,26.1
2/10/12,31.69
2/11/12,14.7
2/12/12,17.6
2/13/12,25.5
2/14/12,29.19
2/15/12,34.9
2/16/12,40.21
2/17/12,35.01
2/18/12,35.91
2/19/12,31.69
2/20/12,28.4
2/21/12,37.99
2/22/12,37.6
2/23/12,35.71
2/24/12,34.7
2/25/12,25.59
2/26/12,23
2/27/12,41.4
2/28/12,28.99
2/29/12,42.3
3/1/12,36
3/2/12,37.09
3/3/12,33.1
3/4/12,30.09
3/5/12,27.1
3/6/12,33.01
3/7/12,59.9
3/8/12,60.8
3/9/12,37.29
3/10/12,30.9
3/11/12,48.79
3/12/12,58.3
3/13/12,55.51
3/14/12,55.6
3/15/12,69.91
3/16/12,56.8
3/17/12,69.1
3/18/12,69.6
3/19/12,71.1
3/20/12,73.9
3/21/12,73.8
3/22/12,72
3/23/12,64.4
3/24/12,54.81
3/25/12,56.41
3/26/12,47.19
3/27/12,44.49
3/28/12,64.6
3/29/12,47.8
3/30/12,40.8
3/31/12,41
4/1/12,50.2
4/2/12,46.9
4/3/12,58.1
4/4/12,49.21
4/5/12,46.51
4/6/12,39.79
4/7/12,50.7
4/8/12,56.19
4/9/12,50.9
4/10/12,42.1
4/11/12,37.09
4/12/12,40.89
4/13/12,49.89
4/14/12,56.1
4/15/12,61.11
4/16/12,66.7
4/17/12,46.9
4/18/12,45.3
4/19/12,62.8
4/20/12,46.6
4/21/12,42.01
4/22/12,42.8
4/23/12,43.3
4/24/12,44.91
4/25/12,55.2
4/26/12,52.5
4/27/12,41.2
4/28/12,46
4/29/12,46
4/30/12,52.59
5/1/12,55.09
5/2/12,60.6
5/3/12,76.1
5/4/12,73.51
5/5/12,53.91
5/6/12,55
5/7/12,58.6
5/8/12,56.1
5/9/12,59.2
5/10/12,48.2
5/11/12,53.4
5/12/12,62.01
5/13/12,52.9
5/14/12,56.7
5/15/12,64.8
5/16/12,66.2
5/17/12,54.61
5/18/12,60.49
5/19/12,71.1
5/20/12,81.1
5/21/12,69.4
5/22/12,56.8
5/23/12,56.8
5/24/12,71.29
5/25/12,81
5/26/12,67.5
5/27/12,71.71
5/28/12,84
5/29/12,79.59
5/30/12,67.6
5/31/12,54.3
6/1/12,53.71
6/2/12,52.2
6/3/12,62.4
6/4/12,70
6/5/12,61.39
6/6/12,59.9
6/7/12,61.59
6/8/12,68.4
6/9/12,78.6
6/10/12,81.5
6/11/12,80.6
6/12/12,76.89
6/13/12,63.39
6/14/12,63
6/15/12,72.39
6/16/12,81.1
6/17/12,72
6/18/12,76.6
6/19/12,82.6
6/20/12,83.5
6/21/12,82.99
6/22/12,73.09
6/23/12,75.7
6/24/12,75.4
6/25/12,71.01
6/26/12,64.8
6/27/12,76.41
6/28/12,81.61
6/29/12,83.1
6/30/12,76.8
7/1/12,80.49
7/2/12,77.59
7/3/12,87.01
7/4/12,86.11
7/5/12,90.1
7/6/12,90.1
7/7/12,89.49
7/8/12,78.21
7/9/12,76.3
7/10/12,75.09
7/11/12,72.39
7/12/12,80.2
7/13/12,79.9
7/14/12,78.21
7/15/12,80.8
7/16/12,80.91
7/17/12,89.49
7/18/12,85.1
7/19/12,75.09
7/20/12,75.79
7/21/12,78.21
7/22/12,82.09
7/23/12,87.69
7/24/12,88.59
7/25/12,77
7/26/12,90.1
7/27/12,74.3
7/28/12,73.2
7/29/12,73.6
7/30/12,79.7
7/31/12,83.7
8/1/12,74.1
8/2/12,79.11
8/3/12,80.4
8/4/12,83.1
8/5/12,73.8
8/6/12,75.09
8/7/12,76.1
8/8/12,82.8
8/9/12,75.7
8/10/12,66.2
8/11/12,66.7
8/12/12,69.01
8/13/12,71.91
8/14/12,64.6
8/15/12,71.6
8/16/12,78.49
8/17/12,66.99
8/18/12,66.4
8/19/12,69.3
8/20/12,69.91
8/21/12,64.29
8/22/12,66.7
8/23/12,74.89
8/24/12,80.01
8/25/12,82
8/26/12,82.4
8/27/12,75.31
8/28/12,75.4
8/29/12,75.9
8/30/12,74.89
8/31/12,82.29
9/1/12,76.1
9/2/12,76.6
9/3/12,77.9
9/4/12,79.59
9/5/12,74.3
9/6/12,77.9
9/7/12,73.71
9/8/12,64.4
9/9/12,63
9/10/12,61.5
9/11/12,71.49
9/12/12,74.89
9/13/12,69.01
9/14/12,57.31
9/15/12,62.4
9/16/12,67.8
9/17/12,68.7
9/18/12,57.7
9/19/12,58.6
9/20/12,65.19
9/21/12,58.6
9/22/12,54.3
9/23/12,50.31
9/24/12,49.21
9/25/12,64.4
9/26/12,66.6
9/27/12,57.9
9/28/12,56.41
9/29/12,54.9
9/30/12,59.11
10/1/12,58.21
10/2/12,60.4
10/3/12,64.2
10/4/12,62.1
10/5/12,52.81
10/6/12,43.81
10/7/12,44.8
10/8/12,40.41
10/9/12,50.9
10/10/12,47.89
10/11/12,42.4
10/12/12,50.7
10/13/12,48.09
10/14/12,65.8
10/15/12,51.1
10/16/12,54.61
10/17/12,63.81
10/18/12,52.81
10/19/12,47.41
10/20/12,45.39
10/21/12,47.1
10/22/12,59.31
10/23/12,64.6
10/24/12,64.29
10/25/12,70.5
10/26/12,48
10/27/12,43.39
10/28/12,43.11
10/29/12,42.91
10/30/12,43.3
10/31/12,42.8
11/1/12,43.81
11/2/12,45.1
11/3/12,42.91
11/4/12,39.9
11/5/12,39
11/6/12,36
11/7/12,42.8
11/8/12,45.1
11/9/12,45.9
11/10/12,55.8
11/11/12,63.3
11/12/12,47.19
11/13/12,32.2
11/14/12,33.91
11/15/12,38.3
11/16/12,38.19
11/17/12,41.7
11/18/12,42.3
11/19/12,47.5
11/20/12,52
11/21/12,44.29
11/22/12,50.2
11/23/12,48.99
11/24/12,29.19
11/25/12,30.7
11/26/12,35.6
11/27/12,28.09
11/28/12,31.1
11/29/12,40.5
11/30/12,45.39
12/1/12,46.4
12/2/12,59.31
12/3/12,58.1
12/4/12,62.2
12/5/12,43.39
12/6/12,35.29
12/7/12,45.61
12/8/12,42.8
12/9/12,39
12/10/12,39
12/11/12,29.8
12/12/12,30.2
12/13/12,39.51
12/14/12,37.8
12/15/12,43.7
12/16/12,50.2
12/17/12,39.51
12/18/12,34.81
12/19/12,39.7
12/20/12,41.7
12/21/12,30.7
12/22/12,21.31
12/23/12,27.1
12/24/12,33.69
12/25/12,29.89
12/26/12,33.01
12/27/12,30.51
12/28/12,31.6
12/29/12,31.8
12/30/12,24.01
12/31/12,31.8
1/1/13,21.6
1/2/13,18.19
1/3/13,26.01
1/4/13,23.7
1/5/13,29.89
1/6/13,31.89
1/7/13,27.19
1/8/13,33.01
1/9/13,41.11
1/10/13,35.71
1/11/13,47.89
1/12/13,48.2
1/13/13,28.6
1/14/13,15.69
1/15/13,19.4
1/16/13,23.11
1/17/13,32.79
1/18/13,22.3
1/19/13,38.19
1/20/13,33.49
1/21/13,15.8
1/22/13,5
1/23/13,10.8
1/24/13,15.01
1/25/13,19.6
1/26/13,23.2
1/27/13,27.61
1/28/13,37
1/29/13,42.8
1/30/13,50.79
1/31/13,24.21
2/1/13,6.8
2/2/13,18.39
2/3/13,15.1
2/4/13,21.4
2/5/13,19.6
2/6/13,29.1
2/7/13,34.39
2/8/13,32.5
2/9/13,28
2/10/13,34.3
2/11/13,38.5
2/12/13,29.8
2/13/13,25.7
2/14/13,37.2
2/15/13,34
2/16/13,23
2/17/13,13.89
2/18/13,28.9
2/19/13,36.3
2/20/13,12.79
2/21/13,21.2
2/22/13,26.49
2/23/13,28.9
2/24/13,23.9
2/25/13,29.19
2/26/13,35.8
2/27/13,33.49
2/28/13,33.21
3/1/13,28.9
3/2/13,27.81
3/3/13,24.69
3/4/13,27.39
3/5/13,33.21
3/6/13,31.1
3/7/13,32.11
3/8/13,31.5
3/9/13,34.11
3/10/13,45.1
3/11/13,50.7
3/12/13,33.21
3/13/13,28.99
3/14/13,26.91
3/15/13,32.7
3/16/13,35.8
3/17/13,30.9
3/18/13,31.8
3/19/13,24.1
3/20/13,26.8
3/21/13,18.9
3/22/13,26.01
3/23/13,30.79
3/24/13,33.01
3/25/13,34.3
3/26/13,33.49
3/27/13,35.4
3/28/13,34.5
3/29/13,39.2
3/30/13,38.3
3/31/13,50.31
4/1/13,37
4/2/13,32
4/3/13,33.6
4/4/13,33.4
4/5/13,48.9
4/6/13,36.9
4/7/13,59.11
4/8/13,42.01
4/9/13,42.3
4/10/13,42.6
4/11/13,39.51
4/12/13,43
4/13/13,38.7
4/14/13,41.9
4/15/13,64.2
4/16/13,46.8
4/17/13,43.3
4/18/13,55.09
4/19/13,47.89
4/20/13,35.4
4/21/13,36
4/22/13,46.71
4/23/13,57.7
4/24/13,38.61
4/25/13,43.5
4/26/13,44.2
4/27/13,57.4
4/28/13,55
4/29/13,53.8
4/30/13,65.7
5/1/13,75.09
5/2/13,69.91
5/3/13,43.9
5/4/13,48.51
5/5/13,54.1
5/6/13,56.8
5/7/13,55.99
5/8/13,57
5/9/13,62.6
5/10/13,53.8
5/11/13,45.9
5/12/13,45.5
5/13/13,43.7
5/14/13,56.3
5/15/13,78.8
5/16/13,65.19
5/17/13,60.3
5/18/13,61.81
5/19/13,64.9
5/20/13,79.9
5/21/13,73.99
5/22/13,71.1
5/23/13,61.59
5/24/13,44.01
5/25/13,47.61
5/26/13,50.4
5/27/13,57.7
5/28/13,67.21
5/29/13,67.89
5/30/13,78.1
5/31/13,69.8
6/1/13,71.1
6/2/13,57.31
6/3/13,48.51
6/4/13,56.89
6/5/13,58.8
6/6/13,60.91
6/7/13,54.7
6/8/13,63.39
6/9/13,69.3
6/10/13,72.9
6/11/13,62.49
6/12/13,74.89
6/13/13,66.2
6/14/13,60.4
6/15/13,62.1
6/16/13,74.19
6/17/13,75.99
6/18/13,65.8
6/19/13,65.61
6/20/13,65.19
6/21/13,75.9
6/22/13,75
6/23/13,73
6/24/13,76.6
6/25/13,70
6/26/13,76.69
6/27/13,71.91
6/28/13,74.5
6/29/13,69.49
6/30/13,65.5
7/1/13,64.2
7/2/13,67.5
7/3/13,62.2
7/4/13,71.49
7/5/13,72.9
7/6/13,76.8
7/7/13,75.09
7/8/13,81.5
7/9/13,80.4
7/10/13,80.91
7/11/13,72.61
7/12/13,69.4
7/13/13,75.2
7/14/13,75.2
7/15/13,78.1
7/16/13,81.3
7/17/13,83.8
7/18/13,85.1
7/19/13,84.09
7/20/13,82
7/21/13,75.09
7/22/13,75
7/23/13,79.3
7/24/13,65.61
7/25/13,64.4
7/26/13,72.9
7/27/13,66.79
7/28/13,61.3
7/29/13,63.5
7/30/13,64.9
7/31/13,70.39
8/1/13,63.7
8/2/13,70
8/3/13,75.09
8/4/13,68.11
8/5/13,66.99
8/6/13,70.11
8/7/13,76.1
8/8/13,71.4
8/9/13,69.4
8/10/13,74.89
8/11/13,73.71
8/12/13,76.1
8/13/13,68.4
8/14/13,64.99
8/15/13,65.7
8/16/13,66.09
8/17/13,72.3
8/18/13,73.09
8/19/13,70.5
8/20/13,75
8/21/13,77.7
8/22/13,78.21
8/23/13,69.1
8/24/13,74.89
8/25/13,78.6
8/26/13,77.79
8/27/13,81.3
8/28/13,84.9
8/29/13,72.1
8/30/13,75.7
8/31/13,73.09
9/1/13,75.4
9/2/13,72.19
9/3/13,65.5
9/4/13,65.89
9/5/13,72
9/6/13,65.8
9/7/13,75.9
9/8/13,75.4
9/9/13,73
9/10/13,83.7
9/11/13,83.89
9/12/13,77
9/13/13,64.99
9/14/13,60.6
9/15/13,61.2
9/16/13,60.6
9/17/13,57.51
9/18/13,64.29
9/19/13,70.2
9/20/13,75.9
9/21/13,60.91
9/22/13,57.2
9/23/13,56.41
9/24/13,59.59
9/25/13,61.5
9/26/13,62.29
9/27/13,63.39
9/28/13,66.6
9/29/13,73
9/30/13,61.5
10/1/13,68.5
10/2/13,70.81
10/3/13,69.3
10/4/13,70.5
10/5/13,71.71
10/6/13,60.01
10/7/13,53.71
10/8/13,60.8
10/9/13,62.2
10/10/13,62.4
10/11/13,65.1
10/12/13,66.2
10/13/13,56.5
10/14/13,54.81
10/15/13,58.69
10/16/13,52.39
10/17/13,50.4
10/18/13,46
10/19/13,46.9
10/20/13,47.19
10/21/13,57.09
10/22/13,38.19
10/23/13,37.2
10/24/13,39.31
10/25/13,39.79
10/26/13,47.61
10/27/13,43.59
10/28/13,43.9
10/29/13,47.3
10/30/13,50.7
10/31/13,61.2
11/1/13,47.7
11/2/13,44.01
11/3/13,43.59
11/4/13,45.19
11/5/13,53.1
11/6/13,54.39
11/7/13,38.5
11/8/13,34.59
11/9/13,46.8
11/10/13,45.19
11/11/13,44.2
11/12/13,27.7
11/13/13,24.69
11/14/13,33.6
11/15/13,43.5
11/16/13,49.1
11/17/13,59.31
11/18/13,45.1
11/19/13,32.79
11/20/13,35.91
11/21/13,41.5
11/22/13,45
11/23/13,25.81
11/24/13,17.01
11/25/13,22.5
11/26/13,31.6
11/27/13,21.31
11/28/13,23.9
11/29/13,23.79
11/30/13,33.21
12/1/13,37.71
12/2/13,34.7
12/3/13,37.99
12/4/13,50.5
12/5/13,46.2
12/6/13,22.8
12/7/13,14.79
12/8/13,20.7
12/9/13,25.11
12/10/13,10.71
12/11/13,16.5
12/12/13,3.398
12/13/13,18.19
12/14/13,29.8
12/15/13,25.11
12/16/13,12.51
12/17/13,19.09
12/18/13,25.59
12/19/13,33.69
12/20/13,37
12/21/13,33.8
12/22/13,33.91
12/23/13,26.71
12/24/13,1.598
12/25/13,16.7
12/26/13,26.6
12/27/13,34.59
12/28/13,40.3
12/29/13,40.8
12/30/13,17.8
12/31/13,10.99
1/1/14,18.9
1/2/14,20.19
1/3/14,7.196
1/4/14,24.49
1/5/14,23.59
1/6/14,-7.492
1/7/14,-9.796
1/8/14,3.398
1/9/14,11.41
1/10/14,31.69
1/11/14,37.6
1/12/14,33.49
1/13/14,43
1/14/14,30.09
1/15/14,24.21
1/16/14,17.8
1/17/14,25
1/18/14,15.91
1/19/14,19.6
1/20/14,37.2
1/21/14,21.2
1/22/14,3.506
1/23/14,6.008
1/24/14,-0.4
1/25/14,24.91
1/26/14,8.6
1/27/14,16.81
1/28/14,-6.196
1/29/14,1.706
1/30/14,21
1/31/14,31.21
2/1/14,27.81
2/2/14,21
2/3/14,11.41
2/4/14,13.1
2/5/14,22.8
2/6/14,14
2/7/14,0.302
2/8/14,7.898
2/9/14,16.11
2/10/14,8.708
2/11/14,3.308
2/12/14,9.608
2/13/14,20.3
2/14/14,30.31
2/15/14,15.69
2/16/14,16.59
2/17/14,24.69
2/18/14,27.5
2/19/14,39
2/20/14,35.6
2/21/14,41.2
2/22/14,33.01
2/23/14,28.2
2/24/14,19.6
2/25/14,20.1
2/26/14,9.698
2/27/14,16.39
2/28/14,7.304
3/1/14,26.29
3/2/14,12.4
3/3/14,5.594
3/4/14,13.1
3/5/14,23
3/6/14,22.41
3/7/14,25
3/8/14,40.41
3/9/14,25.59
3/10/14,40.8
3/11/14,44.91
3/12/14,36.9
3/13/14,20.1
3/14/14,36.7
3/15/14,40.3
3/16/14,29.5
3/17/14,22.8
3/18/14,34
3/19/14,46.8
3/20/14,35.71
3/21/14,36.5
3/22/14,41.9
3/23/14,27.3
3/24/14,23.5
3/25/14,30.09
3/26/14,23.5
3/27/14,38.1
3/28/14,43.5
3/29/14,35.49
3/30/14,38.7
3/31/14,46.9
4/1/14,47.1
4/2/14,45.81
4/3/14,37.6
4/4/14,39.09
4/5/14,37
4/6/14,41.31
4/7/14,45.1
4/8/14,47.3
4/9/14,47.19
4/10/14,55.99
4/11/14,52.39
4/12/14,60.3
4/13/14,69.49
4/14/14,60.1
4/15/14,32
4/16/14,34.5
4/17/14,46.51
4/18/14,48.99
4/19/14,47.3
4/20/14,55.51
4/21/14,69.3
4/22/14,61.11
4/23/14,42.49
4/24/14,50.5
4/25/14,57.9
4/26/14,51.91
4/27/14,48.9
4/28/14,52.2
4/29/14,55.99
4/30/14,55.09
5/1/14,46.29
5/2/14,46.8
5/3/14,51.91
5/4/14,63.19
5/5/14,48.31
5/6/14,46.8
5/7/14,58.6
5/8/14,60.01
5/9/14,80.4
5/10/14,61.81
5/11/14,67.41
5/12/14,67.5
5/13/14,78.01
5/14/14,54.7
5/15/14,47.61
5/16/14,44.01
5/17/14,44.2
5/18/14,58.1
5/19/14,61
5/20/14,67.6
5/21/14,73.29
5/22/14,75.51
5/23/14,57.79
5/24/14,54.5
5/25/14,59.4
5/26/14,71.71
5/27/14,73.8
5/28/14,67.6
5/29/14,59
5/30/14,61.2
5/31/14,65.61
6/1/14,78.6
6/2/14,78.21
6/3/14,76.41
6/4/14,72
6/5/14,60.21
6/6/14,64.09
6/7/14,68.79
6/8/14,70.81
6/9/14,61.5
6/10/14,61.3
6/11/14,62.2
6/12/14,63.3
6/13/14,69.49
6/14/14,64.2
6/15/14,72.39
6/16/14,79.7
6/17/14,84.6
6/18/14,83.61
6/19/14,64.2
6/20/14,72.39
6/21/14,68.31
6/22/14,69.21
6/23/14,67.69
6/24/14,77
6/25/14,73.4
6/26/14,64.29
6/27/14,63.19
6/28/14,82.29
6/29/14,77
6/30/14,81
7/1/14,74.3
7/2/14,74.8
7/3/14,58.6
7/4/14,67.41
7/5/14,70.5
7/6/14,75.31
7/7/14,81.5
7/8/14,80.71
7/9/14,74.7
7/10/14,69.49
7/11/14,70.5
7/12/14,78.49
7/13/14,80.4
7/14/14,77.59
7/15/14,69.8
7/16/14,61.59
7/17/14,66.4
7/18/14,70.81
7/19/14,73.09
7/20/14,73.4
7/21/14,76.21
7/22/14,81.1
7/23/14,73.4
7/24/14,64.99
7/25/14,66.79
7/26/14,72.3
7/27/14,77.79
7/28/14,70.11
7/29/14,69.3
7/30/14,70.39
7/31/14,67.5
8/1/14,74.19
8/2/14,73.6
8/3/14,77
8/4/14,77.5
8/5/14,73.2
8/6/14,71.2
8/7/14,73
8/8/14,75.6
8/9/14,75.31
8/10/14,75.4
8/11/14,75
8/12/14,73.2
8/13/14,66.2
8/14/14,70.2
8/15/14,64.29
8/16/14,69.69
8/17/14,71.71
8/18/14,66.9
8/19/14,75.51
8/20/14,78.21
8/21/14,78.3
8/22/14,76.8
8/23/14,78.91
8/24/14,78.3
8/25/14,82.6
8/26/14,75.7
8/27/14,74.5
8/28/14,71.01
8/29/14,73.29
8/30/14,79
8/31/14,76.89
9/1/14,78.8
9/2/14,76.8
9/3/14,71.1
9/4/14,78.6
9/5/14,82.4
9/6/14,68.4
9/7/14,66.99
9/8/14,69.49
9/9/14,72.7
9/10/14,75.31
9/11/14,63.39
9/12/14,53.2
9/13/14,47.3
9/14/14,53.01
9/15/14,58.41
9/16/14,57.9
9/17/14,59
9/18/14,62.2
9/19/14,61.3
9/20/14,68.59
9/21/14,71.6
9/22/14,57.51
9/23/14,58.6
9/24/14,62.8
9/25/14,65.19
9/26/14,66
9/27/14,67.6
9/28/14,66.79
9/29/14,66
9/30/14,56.89
10/1/14,61
10/2/14,68.59
10/3/14,68.79
10/4/14,47.61
10/5/14,45.61
10/6/14,53.8
10/7/14,52
10/8/14,58.21
10/9/14,58.41
10/10/14,52.59
10/11/14,49.89
10/12/14,51.69
10/13/14,59.79
10/14/14,68.5
10/15/14,56.8
10/16/14,56.8
10/17/14,55.51
10/18/14,54.19
10/19/14,43.39
10/20/14,53.49
10/21/14,55.2
10/22/14,50.79
10/23/14,46.6
10/24/14,57
10/25/14,62.6
10/26/14,55.51
10/27/14,55.8
10/28/14,70
10/29/14,51.6
10/30/14,41.79
10/31/14,42.91
11/1/14,39.99
11/2/14,39.99
11/3/14,49.8
11/4/14,61.9
11/5/14,46.71
11/6/14,54.81
11/7/14,41.2
11/8/14,43.59
11/9/14,41.79
11/10/14,49.89
11/11/14,58.3
11/12/14,34.9
11/13/14,28.4
11/14/14,28.51
11/15/14,27.61
11/16/14,28.99
11/17/14,29.5
11/18/14,14.31
11/19/14,19.6
11/20/14,25.39
11/21/14,20.5
11/22/14,33.01
11/23/14,52.2
11/24/14,51.91
11/25/14,28.4
11/26/14,23.5
11/27/14,27.7
11/28/14,25.11
11/29/14,35.4
11/30/14,51.4
12/1/14,25.3
12/2/14,26.2
12/3/14,32
12/4/14,30
12/5/14,35.4
12/6/14,39
12/7/14,36.39
12/8/14,35.29
12/9/14,37.6
12/10/14,33.69
12/11/14,32.59
12/12/14,28.29
12/13/14,37
12/14/14,48.9
12/15/14,48
12/16/14,44.29
12/17/14,34.3
12/18/14,26.71
12/19/14,30.2
12/20/14,33.4
12/21/14,34
12/22/14,36
12/23/14,43.2
12/24/14,44.1
12/25/14,37.9
12/26/14,41.5
12/27/14,49.3
12/28/14,34.39
12/29/14,27.81
12/30/14,26.49
12/31/14,15.21
1/1/15,22.3
1/2/15,28.4
1/3/15,34.3
1/4/15,30.6
1/5/15,4.496
1/6/15,9.194
1/7/15,5.396
1/8/15,-1.408
1/9/15,17.49
1/10/15,4.1
1/11/15,24.4
1/12/15,30.31
1/13/15,19.99
1/14/15,14.79
1/15/15,16.7
1/16/15,29.8
1/17/15,30.79
1/18/15,39.79
1/19/15,32.7
1/20/15,35.71
1/21/15,34.11
1/22/15,32
1/23/15,31.6
1/24/15,30.51
1/25/15,35.49
1/26/15,27.5
1/27/15,27.5
1/28/15,27
1/29/15,35.2
1/30/15,35.01
1/31/15,25.5
2/1/15,31.6
2/2/15,18.1
2/3/15,10.51
2/4/15,28.4
2/5/15,13.6
2/6/15,12.2
2/7/15,28.8
2/8/15,41.7
2/9/15,31.41
2/10/15,26.91
2/11/15,29.5
2/12/15,24.3
2/13/15,12.7
2/14/15,28.09
2/15/15,5.396
2/16/15,12.9
2/17/15,18.19
2/18/15,13.3
2/19/15,2.192
2/20/15,6.998
2/21/15,23.4
2/22/15,30.2
2/23/15,9.104
2/24/15,6.206
2/25/15,29.61
2/26/15,22.8
2/27/15,10.29
2/28/15,10.99
3/1/15,21.99
3/2/15,23.79
3/3/15,29.41
3/4/15,26.6
3/5/15,15.21
3/6/15,14.7
3/7/15,25.2
3/8/15,37.71
3/9/15,36.39
3/10/15,41.59
3/11/15,42.69
3/12/15,44.91
3/13/15,45.9
3/14/15,51.3
3/15/15,43.39
3/16/15,58.21
3/17/15,53.29
3/18/15,34.9
3/19/15,43.81
3/20/15,42.8
3/21/15,42.01
3/22/15,35.4
3/23/15,32.7
3/24/15,32.4
3/25/15,38.8
3/26/15,41
3/27/15,36.61
3/28/15,26.6
3/29/15,29.5
3/30/15,46.4
3/31/15,52
4/1/15,55.9
4/2/15,64.2
4/3/15,57
4/4/15,35.1
4/5/15,51.6
4/6/15,55.6
4/7/15,43.39
4/8/15,47.19
4/9/15,45.3
4/10/15,62.1
4/11/15,45
4/12/15,58.3
4/13/15,63.61
4/14/15,58.21
4/15/15,55.99
4/16/15,54.81
4/17/15,62.4
4/18/15,62.29
4/19/15,56.1
4/20/15,50.79
4/21/15,47.61
4/22/15,42.21
4/23/15,44.49
4/24/15,43.81
4/25/15,45.39
4/26/15,47.1
4/27/15,49.1
4/28/15,46
4/29/15,49.5
4/30/15,48
5/1/15,52.2
5/2/15,58.3
5/3/15,70.11
5/4/15,68
5/5/15,59
5/6/15,53.01
5/7/15,60.69
5/8/15,75
5/9/15,67.21
5/10/15,50.31
5/11/15,50.79
5/12/15,57.99
5/13/15,51.21
5/14/15,46.51
5/15/15,67.6
5/16/15,72.9
5/17/15,73.29
5/18/15,77.2
5/19/15,56.8
5/20/15,44.6
5/21/15,46.71
5/22/15,63.3
5/23/15,55.6
5/24/15,70.59
5/25/15,69.49
5/26/15,76.41
5/27/15,70.59
5/28/15,68.4
5/29/15,71.01
5/30/15,77.2
5/31/15,47.5
6/1/15,53.49
6/2/15,52.2
6/3/15,59.2
6/4/15,66.99
6/5/15,78.01
6/6/15,57.6
6/7/15,60.69
6/8/15,73.2
6/9/15,68
6/10/15,81.19
6/11/15,72.1
6/12/15,67.3
6/13/15,59
6/14/15,72.81
6/15/15,78.49
6/16/15,72
6/17/15,62.01
6/18/15,71.1
6/19/15,64.99
6/20/15,60.21
6/21/15,74.3
6/22/15,78.8
6/23/15,81.61
6/24/15,71.4
6/25/15,73.4
6/26/15,67.41
6/27/15,62.2
6/28/15,68.2
6/29/15,70.5
6/30/15,69.6
7/1/15,62.6
7/2/15,58.6
7/3/15,62.49
7/4/15,68.2
7/5/15,73.09
7/6/15,78.01
7/7/15,75.7
7/8/15,60.4
7/9/15,66.31
7/10/15,71.49
7/11/15,73.6
7/12/15,73.6
7/13/15,77
7/14/15,79.5
7/15/15,66.2
7/16/15,66.4
7/17/15,73.09
7/18/15,83.41
7/19/15,79.7
7/20/15,75.79
7/21/15,77.7
7/22/15,74.8
7/23/15,75.4
7/24/15,77.2
7/25/15,78.69
7/26/15,75.79
7/27/15,76.8
7/28/15,82.6
7/29/15,83.89
7/30/15,77.4
7/31/15,80.71
8/1/15,78.21
8/2/15,82.51
8/3/15,79.2
8/4/15,74.19
8/5/15,74.7
8/6/15,74.3
8/7/15,74.61
8/8/15,79.39
8/9/15,73.4
8/10/15,76.8
8/11/15,74.19
8/12/15,72.5
8/13/15,72
8/14/15,77.11
8/15/15,77
8/16/15,76.8
8/17/15,81.19
8/18/15,73.71
8/19/15,73.2
8/20/15,66.6
8/21/15,67.8
8/22/15,75.6
8/23/15,75.09
8/24/15,66.6
8/25/15,65.41
8/26/15,65.1
8/27/15,63.7
8/28/15,66.6
8/29/15,72.5
8/30/15,69.69
8/31/15,69.49
9/1/15,80.8
9/2/15,81.5
9/3/15,82.51
9/4/15,75.6
9/5/15,75.31
9/6/15,82.8
9/7/15,83.61
9/8/15,80.01
9/9/15,72.5
9/10/15,67.3
9/11/15,63
9/12/15,58.69
9/13/15,55.71
9/14/15,62.01
9/15/15,73.71
9/16/15,72.39
9/17/15,73.51
9/18/15,78.3
9/19/15,70.3
9/20/15,60.69
9/21/15,62.8
9/22/15,64.2
9/23/15,70.2
9/24/15,69.69
9/25/15,69.01
9/26/15,69.01
9/27/15,71.01
9/28/15,70.2
9/29/15,75
9/30/15,59.4
10/1/15,57.31
10/2/15,55.4
10/3/15,52.9
10/4/15,53.2
10/5/15,58.1
10/6/15,58.8
10/7/15,59.4
10/8/15,58.3
10/9/15,68.59
10/10/15,53.1
10/11/15,57.09
10/12/15,67.6
10/13/15,62.8
10/14/15,54.7
10/15/15,53.71
10/16/15,53.8
10/17/15,45.5
10/18/15,42.69
10/19/15,49.8
10/20/15,64.29
10/21/15,64.6
10/22/15,68.59
10/23/15,57.4
10/24/15,63.81
10/25/15,52.59
10/26/15,51.21
10/27/15,55.99
10/28/15,52.3
10/29/15,41.59
10/30/15,46.71
10/31/15,50.79
11/1/15,54.19
11/2/15,55.51
11/3/15,59.5
11/4/15,58.5
11/5/15,64.4
11/6/15,65.8
11/7/15,45.7
11/8/15,43.7
11/9/15,44.71
11/10/15,48.6
11/11/15,46.2
11/12/15,56.7
11/13/15,44.6
11/14/15,38.7
11/15/15,52.5
11/16/15,55
11/17/15,49.21
11/18/15,60.69
11/19/15,51.3
11/20/15,38.41
11/21/15,34.7
11/22/15,24.49
11/23/15,27
11/24/15,33.01
11/25/15,39.51
11/26/15,52.2
11/27/15,59.2
11/28/15,39.51
11/29/15,37.29
11/30/15,41.5
12/1/15,43.59
12/2/15,36.61
12/3/15,34.2
12/4/15,38.3
12/5/15,36.3
12/6/15,37.6
12/7/15,37
12/8/15,41.31
12/9/15,46.8
12/10/15,50
12/11/15,48.51
12/12/15,51.69
12/13/15,55.6
12/14/15,60.8
12/15/15,45.3
12/16/15,42.49
12/17/15,38.8
12/18/15,30.31
12/19/15,28.71
12/20/15,28.29
12/21/15,47.19
12/22/15,46
12/23/15,40.69
12/24/15,52
12/25/15,43
12/26/15,39.4
12/27/15,44.29
12/28/15,35.4
12/29/15,38.61
12/30/15,31.5
12/31/15,28.51
1/1/16,25.3
1/2/16,28.6
1/3/16,28.8
1/4/16,28.51
1/5/16,27.5
1/6/16,31.1
1/7/16,38.19
1/8/16,41.11
1/9/16,44.91
1/10/16,30.4
1/11/16,5.594
1/12/16,19.99
1/13/16,8.996
1/14/16,26.6
1/15/16,44.01
1/16/16,33.01
1/17/16,21
1/18/16,1.994
1/19/16,5.504
1/20/16,17.4
1/21/16,18.7
1/22/16,25.2
1/23/16,30
1/24/16,28.2
1/25/16,32.59
1/26/16,40.69
1/27/16,27.81
1/28/16,33.91
1/29/16,32.7
1/30/16,35.4
1/31/16,43.7
2/1/16,37.2
2/2/16,37.2
2/3/16,37.8
2/4/16,30.79
2/5/16,29.19
2/6/16,29.3
2/7/16,35.71
2/8/16,37.51
2/9/16,24.91
2/10/16,16.2
2/11/16,14
2/12/16,19.4
2/13/16,12.99
2/14/16,14.9
2/15/16,18.7
2/16/16,27.3
2/17/16,30.6
2/18/16,28.6
2/19/16,41
2/20/16,49.69
2/21/16,46.29
2/22/16,35.29
2/23/16,37.51
2/24/16,39
2/25/16,34
2/26/16,33.4
2/27/16,31.6
2/28/16,47.1
2/29/16,40.41
3/1/16,30
3/2/16,21
3/3/16,30.9
3/4/16,31.69
3/5/16,31.69
3/6/16,36.9
3/7/16,48.6
3/8/16,60.21
3/9/16,62.1
3/10/16,50.11
3/11/16,44.1
3/12/16,46.09
3/13/16,48
3/14/16,44.2
3/15/16,47.19
3/16/16,59.2
3/17/16,50.59
3/18/16,48
3/19/16,38.8
3/20/16,37.99
3/21/16,37.6
3/22/16,46.6
3/23/16,59.4
3/24/16,41
3/25/16,33.01
3/26/16,38.3
3/27/16,45.19
3/28/16,44.8
3/29/16,41
3/30/16,48.31
3/31/16,57.7
4/1/16,45.1
4/2/16,40.3
4/3/16,43.11
4/4/16,53.2
4/5/16,31.6
4/6/16,44.2
4/7/16,45.9
4/8/16,40.5
4/9/16,31.89
4/10/16,33.8
4/11/16,50.31
4/12/16,43.3
4/13/16,38.7
4/14/16,49.8
4/15/16,50.11
4/16/16,53.4
4/17/16,57.6
4/18/16,61.59
4/19/16,62.01
4/20/16,56.3
4/21/16,60.3
4/22/16,58.3
4/23/16,44.4
4/24/16,48.79
4/25/16,71.01
4/26/16,76.21
4/27/16,46.6
4/28/16,48
4/29/16,45.61
4/30/16,45
5/1/16,46.9
5/2/16,46.6
5/3/16,49.5
5/4/16,61.5
5/5/16,44.71
5/6/16,51.6
5/7/16,73.51
5/8/16,53.4
5/9/16,59.5
5/10/16,52.81
5/11/16,60.3
5/12/16,60.01
5/13/16,59.79
5/14/16,53.1
5/15/16,45.61
5/16/16,50.2
5/17/16,60.49
5/18/16,53.8
5/19/16,53.4
5/20/16,57.99
5/21/16,59.4
5/22/16,64.4
5/23/16,61.7
5/24/16,72
5/25/16,79.39
5/26/16,72.19
5/27/16,80.01
5/28/16,73
5/29/16,77.79
5/30/16,74.19
5/31/16,73.4
6/1/16,69.4
6/2/16,73.6
6/3/16,68.7
6/4/16,75.99
6/5/16,69.4
6/6/16,72.61
6/7/16,70.59
6/8/16,58.6
6/9/16,59.7
6/10/16,67.8
6/11/16,85.21
6/12/16,84.7
6/13/16,62.49
6/14/16,73.8
6/15/16,78.8
6/16/16,85.21
6/17/16,65.8
6/18/16,71.71
6/19/16,76.3
6/20/16,83.7
6/21/16,79.3
6/22/16,77
6/23/16,71.49
6/24/16,68.59
6/25/16,73.8
6/26/16,84.51
6/27/16,81.19
6/28/16,73.6
6/29/16,64.8
6/30/16,71.8
7/1/16,69.6
7/2/16,65.7
7/3/16,69.01
7/4/16,70.7
7/5/16,73.6
7/6/16,81
7/7/16,78.3
7/8/16,75
7/9/16,77
7/10/16,71.29
7/11/16,77.7
7/12/16,83.41
7/13/16,80.01
7/14/16,71.91
7/15/16,78.6
7/16/16,66.31
7/17/16,71.01
7/18/16,80.01
7/19/16,77.2
7/20/16,78.49
7/21/16,81.5
7/22/16,81.19
7/23/16,85.3
7/24/16,75.7
7/25/16,75.51
7/26/16,79.7
7/27/16,80.6
7/28/16,78.8
7/29/16,75.31
7/30/16,74.19
7/31/16,73
8/1/16,76.41
8/2/16,75.99
8/3/16,81.81
8/4/16,81
8/5/16,84
8/6/16,77.7
8/7/16,74.8
8/8/16,75.99
8/9/16,79.9
8/10/16,83.1
8/11/16,84.4
8/12/16,86.59
8/13/16,75.7
8/14/16,79.39
8/15/16,78.4
8/16/16,72.9
8/17/16,79
8/18/16,79.59
8/19/16,76.41
8/20/16,77.79
8/21/16,69.6
8/22/16,68
8/23/16,72.39
8/24/16,77
8/25/16,79
8/26/16,74.61
8/27/16,73.8
8/28/16,79.5
8/29/16,75.4
8/30/16,78.01
8/31/16,76.41
9/1/16,70.2
9/2/16,69.4
9/3/16,70.39
9/4/16,69.69
9/5/16,73.6
9/6/16,83.41
9/7/16,85.6
9/8/16,77.31
9/9/16,75.2
9/10/16,70.3
9/11/16,66.79
9/12/16,70.3
9/13/16,72.61
9/14/16,73.8
9/15/16,69.4
9/16/16,71.8
9/17/16,74.8
9/18/16,72
9/19/16,71.01
9/20/16,78.3
9/21/16,73.8
9/22/16,75
9/23/16,73.99
9/24/16,70.81
9/25/16,73.99
9/26/16,67.8
9/27/16,62.1
9/28/16,62.2
9/29/16,62.4
9/30/16,63
10/1/16,62.2
10/2/16,60.8
10/3/16,63.7
10/4/16,62.4
10/5/16,68.4
10/6/16,69.21
10/7/16,67.3
10/8/16,53.4
10/9/16,56.41
10/10/16,57.99
10/11/16,65.19
10/12/16,66.4
10/13/16,49.6
10/14/16,49.8
10/15/16,59.4
10/16/16,70.81
10/17/16,69.4
10/18/16,78.01
10/19/16,61.81
10/20/16,62.4
10/21/16,49.5
10/22/16,43.7
10/23/16,54.19
10/24/16,54.39
10/25/16,48.99
10/26/16,50.4
10/27/16,50
10/28/16,51.6
10/29/16,66.9
10/30/16,59.4
10/31/16,48.99
11/1/16,67.1
11/2/16,64.6
11/3/16,57.99
11/4/16,55.4
11/5/16,56.1
11/6/16,57.9
11/7/16,56.7
11/8/16,56.5
11/9/16,53.4
11/10/16,46.71
11/11/16,55
11/12/16,45.1
11/13/16,42.49
11/14/16,47.1
11/15/16,51.01
11/16/16,48.7
11/17/16,50.5
11/18/16,66.6
11/19/16,39.09
11/20/16,31.5
11/21/16,29.7
11/22/16,34.2
11/23/16,38.5
11/24/16,44.8
11/25/16,37.2
11/26/16,39.99
11/27/16,39.4
11/28/16,46.29
11/29/16,52.11
11/30/16,50.2
12/1/16,38.89
12/2/16,38.61
12/3/16,36.61
12/4/16,32.4
12/5/16,33.1
12/6/16,34.3
12/7/16,28.2
12/8/16,22.21
12/9/16,23.79
12/10/16,21.7
12/11/16,24.3
12/12/16,27.81
12/13/16,19
12/14/16,11.3
12/15/16,5.792
12/16/16,8.402
12/17/16,20.8
12/18/16,21.51
12/19/16,-2.2
12/20/16,14.5
12/21/16,26.4
12/22/16,35.29
12/23/16,28.71
12/24/16,35.49
12/25/16,34.39
12/26/16,38.7
12/27/16,33.21
12/28/16,27.5
12/29/16,38.3
12/30/16,33.49
12/31/16,34.9
1/1/17,29.89
1/2/17,36.1
1/3/17,40.3
1/4/17,19.09
1/5/17,10.9
1/6/17,5.9
1/7/17,8.294
1/8/17,10.4
1/9/17,17.29
1/10/17,32
1/11/17,29.7
1/12/17,33.69
1/13/17,23.79
1/14/17,28
1/15/17,27.7
1/16/17,33.01
1/17/17,37.09
1/18/17,33.8
1/19/17,34.2
1/20/17,37.8
1/21/17,43.5
1/22/17,46.4
1/23/17,41.9
1/24/17,40.5
1/25/17,37
1/26/17,36
1/27/17,32.4
1/28/17,26.8
1/29/17,28.2
1/30/17,24.4
1/31/17,34.7
2/1/17,35.91
2/2/17,21.9
2/3/17,19.71
2/4/17,22.8
2/5/17,32.4
2/6/17,37.29
2/7/17,44.29
2/8/17,37.29
2/9/17,22.5
2/10/17,18.39
2/11/17,39.7
2/12/17,40.69
2/13/17,35.71
2/14/17,38.7
2/15/17,40.3
2/16/17,33.49
2/17/17,39.2
2/18/17,56.1
2/19/17,49.8
2/20/17,49.5
2/21/17,61
2/22/17,58.21
2/23/17,61
2/24/17,39.99
2/25/17,38.41
2/26/17,25.81
2/27/17,41.7
2/28/17,48.51
3/1/17,47.3
3/2/17,32.4
3/3/17,28.99
3/4/17,30.31
3/5/17,33.6
3/6/17,53.29
3/7/17,62.71
3/8/17,45.81
3/9/17,43.5
3/10/17,36.7
3/11/17,24.6
3/12/17,25.81
3/13/17,30
3/14/17,29.8
3/15/17,21.99
3/16/17,27.5
3/17/17,38.19
3/18/17,46.2
3/19/17,39.99
3/20/17,48.9
3/21/17,42.69
3/22/17,35.01
3/23/17,31.6
3/24/17,49.8
3/25/17,43.39
3/26/17,47.41
3/27/17,53.71
3/28/17,43
3/29/17,41
3/30/17,45.61
3/31/17,41.79
4/1/17,43.9
4/2/17,47.61
4/3/17,50.2
4/4/17,46.9
4/5/17,47.8
4/6/17,39.99
4/7/17,39.99
4/8/17,44.2
4/9/17,60.8
4/10/17,70.39
4/11/17,45.61
4/12/17,47.19
4/13/17,49.21
4/14/17,52.2
4/15/17,70.3
4/16/17,67.8
4/17/17,59.7
4/18/17,58.1
4/19/17,64.51
4/20/17,58.41
4/21/17,50.59
4/22/17,50.31
4/23/17,54.9
4/24/17,57.7
4/25/17,65.89
4/26/17,72.81
4/27/17,54.9
4/28/17,45.61
4/29/17,50.79
4/30/17,45
5/1/17,51.6
5/2/17,48
5/3/17,46.8
5/4/17,48.79
5/5/17,48.31
5/6/17,49.1
5/7/17,47.19
5/8/17,44.01
5/9/17,45.61
5/10/17,51.4
5/11/17,54
5/12/17,55.99
5/13/17,56.61
5/14/17,69.21
5/15/17,54
5/16/17,75
5/17/17,80.01
5/18/17,77.5
5/19/17,55.4
5/20/17,48.79
5/21/17,64.8
5/22/17,52.2
5/23/17,62.01
5/24/17,57.4
5/25/17,52.81
5/26/17,59
5/27/17,57.79
5/28/17,62.71
5/29/17,68.59
5/30/17,67.21
5/31/17,62.4
6/1/17,66.79
6/2/17,67.21
6/3/17,74.89
6/4/17,80.8
6/5/17,78.01
6/6/17,62.01
6/7/17,66
6/8/17,68
6/9/17,75.6
6/10/17,70
6/11/17,81.81
6/12/17,84.99
6/13/17,84.99
6/14/17,77.79
6/15/17,70.81
6/16/17,82.2
6/17/17,80.49
6/18/17,75.6
6/19/17,70.7
6/20/17,66.7
6/21/17,64.51
6/22/17,72.19
6/23/17,78.8
6/24/17,73.4
6/25/17,66.2
6/26/17,63.61
6/27/17,61.7
6/28/17,70.39
6/29/17,75.7
6/30/17,71.6
7/1/17,75.99
7/2/17,73.99
7/3/17,75.7
7/4/17,70.2
7/5/17,75.6
7/6/17,79.59
7/7/17,84.4
7/8/17,72.61
7/9/17,71.2
7/10/17,81.19
7/11/17,76.5
7/12/17,79.59
7/13/17,78.69
7/14/17,77
7/15/17,67.5
7/16/17,74.5
7/17/17,66.79
7/18/17,69.01
7/19/17,80.49
7/20/17,75.99
7/21/17,79.2
7/22/17,77.11
7/23/17,78.4
7/24/17,73.2
7/25/17,69.4
7/26/17,74.8
7/27/17,80.4
7/28/17,72.3
7/29/17,72.3
7/30/17,70.39
7/31/17,73.99
8/1/17,77.9
8/2/17,76.6
8/3/17,76.69
8/4/17,70.39
8/5/17,62.6
8/6/17,72.19
8/7/17,70.59
8/8/17,67.21
8/9/17,75.4
8/10/17,75.4
8/11/17,75.79
8/12/17,71.2
8/13/17,69.4
8/14/17,71.8
8/15/17,78.6
8/16/17,76.89
8/17/17,80.4
8/18/17,77.2
8/19/17,75.99
8/20/17,75
8/21/17,81.3
8/22/17,77
8/23/17,70.2
8/24/17,68.2
8/25/17,63.81
8/26/17,66.99
8/27/17,70.2
8/28/17,69.49
8/29/17,69.1
8/30/17,68
8/31/17,72.19
9/1/17,64.51
9/2/17,64.99
9/3/17,62.6
9/4/17,72.19
9/5/17,68.4
9/6/17,58.6
9/7/17,60.6
9/8/17,62.8
9/9/17,63.19
9/10/17,63.39
9/11/17,63.81
9/12/17,64.6
9/13/17,66.2
9/14/17,65.89
9/15/17,72
9/16/17,78.01
9/17/17,79.2
9/18/17,72.19
9/19/17,68.2
9/20/17,76.69
9/21/17,83.61
9/22/17,84.2
9/23/17,83.5
9/24/17,80.8
9/25/17,79
9/26/17,80.49
9/27/17,78.6
9/28/17,62.2